,champion,counter,be_counter,combine_with
0,blitzcrank,"Morgana,Sona,Taric,Zilean","Karma,TahmKench,Veigar,Zyra,Neeko","Alistar,Leona,Morgana,Soraka,Thresh"
1,irelia,"Hecarim,Jax,Kennen,Malphite,Malzahar,Riven,Shen,Kled","Aatrox,Karthus,Ryze,Syndra,Viktor,Yorick","Kayle,Lissandra,Riven,Urgot,Vladimir,Yasuo,Zed"
2,ryze,"Ahri,Anivia,Annie,Aurelion Sol,Heimerdinger,Kayle,Malzahar,Morgana,Wukong,Vel'Koz,Viktor,Yasuo,Kled","Akali,Dr. Mundo,Mordekaiser,Illaoi","Ahri,Kayle,LeBlanc,Lissandra,Vladimir,Zed"
3,vayne,"Ashe,Jinx,Karthus,Malphite,Miss Fortune,Pantheon,Rengar,Teemo,Twitch","Cho'Gath,Darius,Dr. Mundo,Ezreal,Fiora,Garen,Kalista,Lucian,Tristana,Varus","Caitlyn,Ezreal,Kayle,Lucian,Urgot,Kai'Sa"
4,zyra,"Blitzcrank,Soraka,Taric,Vel'Koz,Xerath","Brand,Gragas,TahmKench,Veigar,Rakan","Blitzcrank,Morgana,Soraka,Thresh"
5,illaoi,"Heimerdinger,Kayle,Malzahar,Teemo,Vayne,Viktor","Cho'Gath,Dr. Mundo,Gnar,Rengar,Volibear,Sylas","Darius,Kayle,Riven,Urgot"
6,thresh,"Brand,Fiddlesticks,Morgana,Sona,Zilean,Neeko","Shen,TahmKench,Rakan,Braum,Pyke","Alistar,Blitzcrank,Galio,Morgana,Nami,Pyke"
7,janna,"Bard,Blitzcrank,Nami,Sona,Vel'Koz","Alistar,Galio,Poppy,Shen,TahmKench,Taric,Rakan","Morgana,Soraka,Thresh"
8,aatrox,"Graves,Hecarim,Karma,Kayle,Lux,Wukong,Nocturne,Rek'Sai,Riven,Vel'Koz,Sylas","Amumu,Cho'Gath,Diana,Karthus,Mordekaiser,Volibear,Xerath,Zac","Kayle,LeeSin,Urgot,Vladimir,Yasuo,Zed"
9,rell,Sona,Garen,
10,ashe,"Jinx,Miss Fortune,Sivir,Twitch","Caitlyn,Kalista,Lucian,Xayah,Jhin,Kai'Sa","Ezreal,Lucian,Vayne,Kai'Sa"
11,caitlyn,"Ashe,Jinx,Miss Fortune,Sivir,Twitch,Jhin","Kalista,Tristana,Xayah,Kai'Sa","Ezreal,Lucian,Vayne,Kai'Sa"
12,rumble,"Cho'Gath,Wukong,Olaf,Riven,Vayne,Viktor,Yorick,Ornn,Sylas","Aatrox,Malphite,Maokai,Mordekaiser,Shen,Singed,Volibear","Kayle,Riven,Urgot,Vladimir"
13,pyke,"Janna,Leona,Morgana,Taric,Thresh","Galio,Karma,TahmKench,Vel'Koz,Xerath","Alistar,Blitzcrank,Morgana,Soraka,Thresh"
14,lucian,"Ashe,Jinx,Miss Fortune,Twitch,Vayne,Neeko","Kalista,Tristana","Caitlyn,Ezreal,Vayne,Kai'Sa"
15,heimerdinger,"Ekko,Karthus,Kayle,Malzahar,Maokai,Morgana,Wukong,Vel'Koz,Yasuo","Akali,Fiora,Gnar,Kassadin,LeBlanc,Ryze,Shen,Neeko","Irelia,Kayle,LeBlanc,Vladimir,Zed"
16,viktor,"Aurelion Sol,Brand,Cho'Gath,Kassadin,Kennen,Olaf,Volibear,Zilean,Kled","Akali,Fiora,Karma,Lux,Ryze,Ornn,Neeko","Ahri,Kayle,Riven,Urgot,Yasuo,Zed"
17,galio,"Karma,Lux,Morgana,Pantheon,Sona,Soraka,Swain,Taric,Zilean,Kled","Akali,Gragas,Karthus,Kennen,Ryze,TahmKench","Alistar,Lissandra,Morgana,Thresh,Yasuo,Zed"
18,rakan,"Fiddlesticks,Morgana,Sona,Soraka,Zilean,Neeko","Alistar,Gragas,Poppy,TahmKench,Taric","Morgana,Soraka,Thresh"
19,lux,"Anivia,Aurelion Sol,Blitzcrank,Fiddlesticks,Kennen,Sona,Vel'Koz,Yasuo","Aatrox,Galio,Malphite,TahmKench,Veigar,Rakan,Braum,Sylas","Ahri,Blitzcrank,LeBlanc,Morgana,Soraka,Thresh,Zed"
20,anivia,"Ahri,Aurelion Sol,Malphite,Morgana,Vel'Koz,Zilean","Akali,Galio,Irelia,Jayce,Ryze,Swain,Vladimir","Ahri,Lissandra,Twisted Fate,Yasuo,Zed"
21,shyvana,"Kindred,Nunu,Rek'Sai,Skarner,Urgot,Camille,Ivern","Aatrox,Amumu,Gragas,Olaf,Pantheon,Sejuani","Graves,Jarvan IV,LeeSin,Master Yi,Xin Zhao"
22,rammus,"Karthus,Nunu,Shyvana,Ivern,Taliyah","Aatrox,Gragas,Kha'Zix,Wukong,Olaf,Poppy,Rengar,Riven,Skarner","Jarvan IV,LeeSin,Master Yi,Xin Zhao"
23,sylas,"Jax,Lux,Morgana,Riven,Sejuani,Kled,Illaoi,Taliyah","Aatrox,Akali,Malphite,Skarner,Camille,Neeko","Kayle,LeeSin,Lissandra,Vladimir,Yasuo,Zed"
24,amumu,"Fiddlesticks,Karthus,Shaco,Shyvana,Ivern,Taliyah","Evelynn,Wukong,Nunu,Rengar,Sejuani,Warwick","Jarvan IV,LeeSin,Master Yi,Xin Zhao"
25,ahri,"Fizz,Morgana,Ziggs,Zilean","Akali,Azir,Galio,Irelia,Karma,Malphite,Ryze,Syndra","Fizz,Kassadin,LeBlanc,Lissandra,Yasuo,Zed"
26,rengar,"Garen,Hecarim,Kayle,Master Yi,Rammus,Rek'Sai,Singed,Teemo,Urgot,Warwick,Illaoi","Gragas,Jayce,Nidalee,Skarner,Viktor,Yasuo,Camille","Jarvan IV,Kayle,LeeSin,Riven,Vladimir"
27,poppy,"Blitzcrank,Gangplank,Janna,Kayle,Malzahar,Wukong,Pantheon,Rammus,Rek'Sai,Sona,Udyr,Vladimir,Zilean","Aatrox,Brand,Fiora,Galio,Irelia,Nasus,Vel'Koz,Kayn,Camille,Sylas","Jax,Kayle,LeeSin,Renekton,Riven,Thresh,Urgot,Vladimir"
28,nami,"Bard,Blitzcrank,Leona,Lux,Zyra","Galio,Gragas,Poppy,Shen,TahmKench","Blitzcrank,Morgana,Soraka,Thresh"
29,masteryi,"Elise,Jax,Pantheon,Rammus,Shyvana,Udyr","Aatrox,Ekko,Fiddlesticks,Olaf,Rengar,Zac","Jarvan IV,LeeSin,Rammus,Xin Zhao"
30,wukong,"Fiddlesticks,Hecarim,Karthus,Olaf,Rammus,Tryndamere,Udyr,Volibear,Warwick,Taliyah","Aatrox,Dr. Mundo,Poppy,Riven,Ryze,Skarner,Urgot,Zac","Jarvan IV,Kayle,LeeSin,Riven"
31,jayce,"Karma,Malphite,Nasus,Olaf,Sion,Swain,Volibear,Yorick,Zilean","Akali,Fiora,Galio,Garen,Kennen,Ryze,Syndra","Irelia,Kayle,Vladimir,Yasuo,Zed"
32,lissandra,"Dr. Mundo,Karthus,Malphite,Maokai,Morgana,Swain,Vladimir,Zilean,Taliyah","Akali,Gnar,Irelia,Karma,LeBlanc,Malzahar,Ryze,Volibear","Ahri,Kayle,LeBlanc,Vladimir,Yasuo,Zed"
33,nidalee,"Nunu,Pantheon,Poppy,Rammus,Rengar,Riven,Udyr,Warwick","Aatrox,Gragas,Graves,Shaco,Urgot,Ivern","Elise,Graves,Jarvan IV,LeeSin,Xin Zhao"
34,kaisa,"Ashe,Jinx,Kog'Maw,Miss Fortune,Sivir,Twitch","Ezreal,Kalista,Tristana","Caitlyn,Ezreal,Jinx,Lucian,Vayne"
35,sejuani,"Amumu,Jarvan IV,Wukong,Rammus,Shyvana,Kayn,Ivern","Aatrox,Kha'Zix,Poppy,Rengar,Udyr,Sylas","Jarvan IV,LeeSin,Xin Zhao,Kayn"
36,karma,"Bard,Blitzcrank,Diana,Fiddlesticks,Janna,Karthus,Kennen,Lissandra,Morgana,Nautilus,Olaf,Quinn,Sona,Vel'Koz","Aatrox,Alistar,Fiora,Galio,Gnar,Gragas,Jayce,Lux,Poppy,Ryze,Shen,TahmKench,Yuumi","Lissandra,Morgana,Soraka,Thresh,Vladimir,Yasuo,Zed,Kled"
37,xayah,"Ashe,Jinx,Miss Fortune,Sivir,Twitch","Kalista,Tristana,Varus","Ezreal,Vayne,Kai'Sa"
38,leona,"Leona,Morgana,Sona,Zilean,Neeko","Gragas,Nautilus,Shen,TahmKench,Veigar,Rakan,Pyke","Blitzcrank,Morgana,Soraka,Thresh"
39,aurelionsol,"Cassiopeia,Ekko,Fizz,Kassadin,Morgana,Vel'Koz,Zed","Akali,Diana,LeBlanc,Lux,Ryze,Yasuo,Ziggs,Zoe","Ahri,LeBlanc,Xerath,Zed"
40,alistar,"Bard,Janna,Nami,Sona,Soraka,Taric,Neeko","Galio,Gragas,Shen,TahmKench,Braum","Blitzcrank,Leona,Morgana,Thresh,Pyke"
41,hecarim,"Darius,Kayle,Quinn,Riven,Udyr,Urgot,Illaoi","Aatrox,Dr. Mundo,Fiora,Gragas,Wukong,Singed,Yasuo,Zac","Irelia,Jarvan IV,Kayle,LeeSin,Riven"
42,azir,"Ahri,Cassiopeia,Karthus,Veigar,Viktor,Xerath,Ziggs,Taliyah,Neeko","Ahri,Akali,Diana,Galio,Kennen,Swain,Kled","Ahri,Syndra,Twisted Fate,Zed"
43,maokai,"Dr. Mundo,Gnar,Kayle,Leona,Quinn,Riven,Sion,Urgot,Vi,Zyra,Kled","Bard,Heimerdinger,Jayce,Lissandra,Malphite,Ryze,Trundle","Darius,Irelia,Kayle,Riven,Vladimir"
44,drmundo,"Cho'Gath,Garen,Kayle,Wukong,Vayne,Yasuo,Camille","Aatrox,Malphite,Maokai,Renekton,Rengar","Darius,Kayle,Riven,Urgot,Vladimir"
45,aphelios,"Cassiopeia,Heimerdinger,Leona,Miss Fortune,Soraka,Tristana,Twitch","Ezreal,Xayah,Kai'Sa,Senna","Ezreal,Lucian,Miss Fortune"
46,kayn,"Fiddlesticks,Poppy,Rek'Sai,Udyr,Ivern","Aatrox,Gragas,Olaf,Sejuani,Zac,Sylas","Jarvan IV,LeeSin,Xin Zhao"
47,kayle,"Akali,Azir,Wukong,Pantheon,Quinn,Rengar,Riven,Viktor","Cho'Gath,Dr. Mundo,Fiora,Garen,Mordekaiser,Poppy,Shen,Singed,Sion,Illaoi","Darius,Irelia,Jax,Riven,Urgot,Vladimir"
48,renekton,"Gnar,Hecarim,Jax,Kayle,Maokai,Quinn,Shen,Teemo,Vayne,Illaoi","Aatrox,Cho'Gath,Ryze,Volibear,Yasuo","Darius,Irelia,Jax,Kayle,Riven"
49,velkoz,"Blitzcrank,Fiddlesticks,Fizz,Kassadin,Lucian,Poppy,Sona,Zilean,Pyke","Aatrox,Karma,Malphite,Pantheon,Shen,TahmKench,Veigar,Neeko","Ahri,Blitzcrank,Morgana,Nami,Thresh,Xerath,Zed"
50,neeko,"Cho'Gath,Gragas,Karthus,Wukong,Vel'Koz,Viktor,Zilean,Taliyah","Akali,Azir,Malphite,Singed,Tryndamere,Veigar,Rakan,Braum","Kayle,Morgana,Thresh,Urgot,Zed"
51,sion,"Anivia,Gnar,Jax,Kayle,Mordekaiser,Wukong,Riven,Veigar,Vladimir,Xerath,Kled,Taliyah","Cho'Gath,Irelia,Jayce,Malphite,Maokai,Orianna,Pantheon,Ryze,Viktor,Volibear,Yasuo,Zoe","Darius,Jayce,Kayle,Riven,Urgot,Zed"
52,trundle,"Dr. Mundo,Graves,Hecarim,Maokai,Teemo,Twitch,Vi,Vladimir","Fiora,Gangplank,Karthus,Wukong,Shen,Zac","Irelia,Jarvan IV,LeeSin,Sejuani,Urgot,Xin Zhao"
53,malzahar,"Aatrox,Annie,Karthus,Lissandra,Morgana,Nocturne,Swain,Yorick,Kled","Heimerdinger,LeBlanc,Malphite,Pantheon,Ryze,Tryndamere,Illaoi,Zoe","LeBlanc,Lissandra,Vladimir,Yasuo,Zed"
54,qiyana,"Ahri,Jayce,LeBlanc,Lissandra,Mordekaiser,Poppy,Sylas","Ryze,Ziggs,Taliyah","Ahri,Talon,Twisted Fate,Yasuo,Zed"
55,kogmaw,"Ashe,Draven,Jinx,Miss Fortune,Neeko","Kalista,Lucian,Tristana,Varus,Kai'Sa","Ezreal,Vayne,Kai'Sa"
56,kassadin,"Aatrox,Nocturne,Pantheon,Talon,Zed,Kled","Akali,Aurelion Sol,Azir,Corki,LeBlanc,Ryze,Viktor,Zoe","Ahri,Fizz,LeBlanc,Sylas"
57,leblanc,"Aurelion Sol,Malzahar,Morgana,Nocturne,Pantheon,Twisted Fate","Akali,Azir,Brand,Irelia,Karma,Ryze","Ahri,Kassadin,Lissandra,Yasuo,Zed,Zoe"
58,soraka,"Bard,Blitzcrank,Nami,Sona","Alistar,Galio,Gragas,Poppy,Shen,TahmKench,Veigar,Rakan","Blitzcrank,Morgana,Nami,Thresh"
59,nasus,"Kayle,Olaf,Riven,Teemo,Urgot,Warwick,Kled","Cho'Gath,Dr. Mundo,Jayce,Malphite,Wukong,Tryndamere,Vladimir","Kayle,Riven,Urgot,Vladimir"
60,draven,"Ashe,Jinx,Kog'Maw,Miss Fortune,Yasuo,Braum","Kalista,Lucian,Xayah,Kai'Sa","Ezreal,Lucian,Vayne,Kai'Sa"
61,sivir,"Draven,Jinx,Kog'Maw,Twitch,Vayne,Neeko","Ezreal,Kalista,Tristana,Varus,Kai'Sa","Ezreal,Lucian,Vayne,Kai'Sa"
62,tristana,"Ashe,Jinx,Kog'Maw,Sivir,Twitch,Neeko","Kalista,Varus,Jhin","Ezreal,Lucian,Vayne,Kai'Sa"
63,khazix,"Pantheon,Rammus,Sejuani,Udyr,Urgot,Vi,Warwick","Aatrox,Amumu,Gragas,Olaf,Rengar","Jarvan IV,LeeSin,Rek'Sai,Xin Zhao"
64,syndra,"Fizz,Karthus,Katarina,Kennen,Vel'Koz,Xerath,Zilean","Azir,Karma,Nocturne,Ryze","Ahri,LeBlanc,Orianna,Zed,Zoe"
65,quinn,"Hecarim,Heimerdinger,Lissandra,Malphite,Master Yi,Wukong,Sion,Udyr,Urgot,Kled,Illaoi","Aatrox,Cho'Gath,Darius,Gnar,Maokai,Renekton,Rumble,Singed","Darius,Jayce,Kayle,Riven"
66,twistedfate,"Annie,Morgana,Talon,Vel'Koz,Kled,Taliyah","Akali,Karma,LeBlanc,Ryze,Zoe","Ahri,Fizz,Kassadin,Lissandra,Zed"
67,diana,"Aatrox,Annie,Corki,Ekko,Zilean,Kled,Taliyah","Akali,Karma,LeBlanc,Malphite,Pantheon,Ryze,Syndra","Ahri,LeBlanc,Yasuo,Zed"
68,corki,"Cassiopeia,Jayce,Kassadin,Zed,Zilean,Kled,Taliyah","Akali,Diana,Galio,Kennen,Malphite,Nocturne,Swain","Ahri,Lissandra,Yasuo,Zed,Sylas"
69,zed,"Annie,Aurelion Sol,Kayle,Lissandra,Malphite,Nocturne,Riven,Urgot,Vladimir,Zilean,Illaoi,Sylas","Aatrox,Fiora,Galio,Kassadin,Nasus,Ryze,Syndra,Veigar","Ahri,Fizz,LeBlanc,Lissandra,Yasuo"
70,samira,"Ezreal,Irelia,Lucian,Sett",,Ezreal
71,kennen,"Corki,Fizz,Galio,Gangplank,Jayce,Karthus,Kayle,Yorick","Aatrox,Fiora,Irelia,Ryze,Singed,Syndra,Viktor,Xerath,Yasuo","Darius,Kayle,Urgot,Vladimir,Yasuo,Zed"
72,ezreal,"Ashe,Jinx,Sivir,Twitch,Vayne","Kalista,Lucian,Varus","Caitlyn,Lucian,Vayne,Kai'Sa"
73,darius,"Heimerdinger,Jayce,Karthus,Kayle,Kennen,Quinn,Renekton,Ryze,Teemo,Vayne,Yorick,Neeko","Aatrox,Cho'Gath,Fiora,Garen,Rengar,Singed,Volibear","Irelia,Jax,Kayle,Renekton,Riven,Urgot,Vladimir"
74,warwick,"Jax,Nunu,Poppy,Sejuani,Udyr,Taliyah","Aatrox,Kha'Zix,Wukong,Olaf,Rengar,Camille","Evelynn,Jarvan IV,Kha'Zix,LeeSin,Master Yi,Rek'Sai"
75,yuumi,"Fiddlesticks,Lux,Morgana","Malphite,TahmKench,Braum","Morgana,Thresh"
76,bard,"Blitzcrank,Sona,Zilean,Zyra","Alistar,Gragas,Shen,TahmKench,Veigar,Braum","Morgana,Soraka,Thresh"
77,shaco,"Nidalee,Nunu,Rammus,Rek'Sai,Urgot,Warwick,Camille","Aatrox,Elise,Fiddlesticks,Gragas,Nocturne,Zac","Elise,Graves,LeeSin,Xin Zhao"
78,ekko,"Akali,Anivia,Annie,Fiora,Jax,Kassadin,Lissandra,Morgana,Olaf,Poppy,Riven,Shaco,Singed,Zac,Kled,Neeko,Sylas","Diana,Gangplank,Irelia,Jayce,Karthus,Malphite,Orianna,Syndra","Ahri,Kassadin,LeeSin,Yasuo,Zed"
79,morgana,"Annie,Karthus,Sona,Soraka,Xerath,Zyra","Alistar,Galio,LeBlanc,Malphite,Ryze,Shen,Rakan,Braum","Ahri,Lulu,Lux,Nami,Soraka,Thresh,Zed"
80,singed,"Gangplank,Hecarim,Kayle,Kennen,Rumble,Teemo,Viktor,Volibear","Aatrox,Dr. Mundo,Karma,Malphite,Mordekaiser,Tryndamere","Irelia,Kayle,Riven,Vladimir"
81,reksai,"Wukong,Nocturne,Twitch,Urgot,Vi,Taliyah","Aatrox,Fiddlesticks,Olaf,Poppy,Rengar,Riven,Shaco,Zac","Elise,Graves,Jarvan IV,Kindred,LeeSin,Xin Zhao"
82,braum,"Bard,Lux,Taric,Vel'Koz,Zilean,Neeko","Galio,Poppy,Shen,TahmKench","Alistar,Morgana,Thresh"
83,akali,"Anivia,Annie,Galio,Hecarim,Karthus,Kayle,Pantheon,Yorick,Neeko,Sylas","Aatrox,Dr. Mundo,Fiora,Irelia,Ryze,Sion,Syndra,Tryndamere","Ahri,Irelia,Kayle,Riven,Vladimir,Yasuo,Zed"
84,tahmkench,"Dr. Mundo,Janna,Jax,Rumble,Sona,Taric,Vayne,Vel'Koz,Xerath,Rakan,Kled","Aatrox,Pantheon,Tryndamere,Veigar,Yasuo,Neeko","Alistar,Darius,Kayle,Leona,Morgana,Thresh"
85,gragas,"Brand,Elise,Hecarim,Rammus,Sona,Udyr,Vel'Koz,Vi,Zyra,Taliyah","Aatrox,Riven,TahmKench,Taric,Neeko","Alistar,Elise,Jarvan IV,LeeSin,Thresh,Xin Zhao"
86,urgot,"Jax,Kayle,Malzahar,Mordekaiser,Wukong,Rammus,Vayne,Ivern","Aatrox,Dr. Mundo,Fiora,Maokai,Olaf,Riven,Ryze,Shaco,Camille","Jarvan IV,Kayle,LeeSin,Riven,Vladimir"
87,veigar,"Fizz,Katarina,Nocturne,Vel'Koz,Xerath,Zed,Ziggs,Zyra","Brand,Galio,Irelia,Ryze,Shen,Braum","Ahri,Morgana,Nami,Thresh,Yasuo,Zed,Sylas"
88,orianna,"Ekko,Vel'Koz,Xerath,Ziggs,Zilean,Kled","Akali,Galio,Irelia,Malphite,Ryze","Ahri,LeBlanc,Yasuo,Zed"
89,lulu,"Ahri,Blitzcrank,Fiddlesticks,Morgana,Nautilus,Sona,Neeko,Sylas","Alistar,Corki,Ekko,Galio,Gragas,Orianna,TahmKench,Rakan","Morgana,Nami,Soraka,Thresh,Yasuo,Zed"
90,jarvaniv,"Master Yi,Urgot,Vi,Taliyah","Aatrox,Fiddlesticks,Gragas,Rengar,Sejuani,Zac,Camille","Elise,Graves,LeeSin,Master Yi,Xin Zhao"
91,skarner,"Fiddlesticks,Wukong,Rek'Sai,Rengar,Riven,Sejuani,Sylas","Amumu,Gragas,Karthus,Riven,Shyvana,Warwick,Camille","Jarvan IV,LeeSin,Master Yi,Xin Zhao"
92,ornn,"Hecarim,Kayle,Quinn,Viktor,Camille","Cho'Gath,Heimerdinger,Pantheon,Ryze,Volibear","Darius,Kayle,Urgot,Vladimir"
93,riven,"Fiddlesticks,Wukong,Quinn,Skarner,Udyr,Urgot,Volibear","Aatrox,Amumu,Dr. Mundo,Irelia,Jax,Maokai,Nasus,Rumble,Ryze,Trundle,Yasuo,Sylas","Darius,Irelia,Jarvan IV,Jax,Kayle,LeeSin,Renekton,Urgot,Vladimir"
94,elise,"Jarvan IV,Nunu,Rammus,Skarner,Vi","Aatrox,Gragas,Master Yi,Riven,Camille,Sylas","Jarvan IV,LeeSin,Xin Zhao"
95,chogath,"Aatrox,Darius,Garen,Kayle,Quinn,Shen,Vayne,Kled","Dr. Mundo,Gnar,Lissandra,Ryze,Tryndamere,Viktor,Neeko","Darius,Kayle,Riven,Vladimir"
96,yone,"Ahri,Cassiopeia,Diana,Irelia,Lucian,Pantheon,Renekton,Syndra,Yasuo,Zed","Jayce,Twisted Fate,Veigar,Viktor,Yasuo,Pyke,Qiyana","Yasuo,Zed"
97,kled,"Anivia,Hecarim,Jax,Kayle,Kennen,Ornn","Cho'Gath,Karthus,Maokai,Quinn,Ryze,Syndra,Volibear","Irelia,Kayle,Riven,Vladimir,Zed"
98,swain,"Anivia,Corki,Darius,Fizz,Kayle,Lulu,Malphite,Pantheon,Sona,Talon,Vel'Koz,Ziggs,Taliyah","Akali,Diana,Galio,Garen,Jayce,Malphite,Nasus,Poppy,Quinn,Shen,Xayah","Ahri,Darius,Ezreal,Riven,Vladimir,Yasuo,Zed"
99,taric,"Bard,Brand,Janna,Jax,Soraka,Vladimir,Xerath","Alistar,Darius,Galio,Nasus,Nautilus,Shen,TahmKench,Braum,Pyke","Janna,Morgana,Soraka,Thresh"
100,olaf,"Fiora,Heimerdinger,Karthus,Kindred,Master Yi,Rammus,Riven,Trundle,Udyr,Urgot,Yorick,Kled","Fiddlesticks,Gangplank,Gnar,Jayce,Wukong,Pantheon,Viktor,Volibear,Sylas","Jarvan IV,Kayle,LeeSin,Riven,Urgot"
101,tryndamere,"Hecarim,Malzahar,Mordekaiser,Nasus,Pantheon,Singed,Teemo,Vayne,Neeko","Dr. Mundo,Garen,Irelia,Jayce,Yorick","Jax,Kayle,Riven,Urgot,Vladimir"
102,varus,"Jinx,Kog'Maw,Sivir,Tristana,Twitch,Jhin","Draven,Kalista,Kai'Sa,Neeko","Ezreal,Lucian,Vayne,Kai'Sa"
103,xinzhao,"Wukong,Pantheon,Rammus,Rek'Sai,Vi,Volibear,Warwick","Aatrox,Fiddlesticks,Gragas,Nunu,Olaf,Zac","Graves,Jarvan IV,Kha'Zix,LeeSin,Master Yi"
104,nunu,"Jarvan IV,Master Yi,Riven,Urgot,Xin Zhao","Aatrox,Nidalee,Shaco,Volibear,Camille,Sylas","Elise,Jarvan IV,LeeSin,Xin Zhao"
105,zac,"Hecarim,Karthus,Wukong,Nunu,Shaco,Taliyah","Aatrox,Fiddlesticks,Gragas,Poppy,Sejuani","Jarvan IV,LeeSin,Xin Zhao"
106,udyr,"Elise,Rammus,Sejuani,Shaco,Trundle,Urgot","Fiddlesticks,Gragas,Master Yi,Wukong,Olaf,Riven,Kayn","Jarvan IV,LeeSin,Master Yi,Xin Zhao"
107,nautilus,"Bard,Leona,Poppy,Rumble,Sona,Taric,Vayne,Yorick,Illaoi","Akali,Gragas,Karma,Olaf,Rengar,Shen,Syndra,TahmKench","Kayle,Morgana,Riven,Soraka,Thresh"
108,sett,"Jax,Mordekaiser,Singed,Soraka","Akali,Dr. Mundo,Fiora,Jayce,Lucian,Malphite,Ryze","Darius,Mordekaiser,Renekton,Ornn"
109,graves,"Evelynn,Nunu,Rammus,Shyvana,Vi,Camille,Taliyah","Aatrox,Gragas,Nocturne,Rengar,Zac","Evelynn,Jarvan IV,LeeSin,Xin Zhao"
110,vi,"Fiddlesticks,Kindred,Rammus,Shyvana,Skarner,Taliyah","Aatrox,Gragas,LeeSin,Nocturne,Poppy,Camille","Jarvan IV,LeeSin,Master Yi,Xin Zhao,Kayn"
111,camille,"Jax,Kayle,Poppy,Riven,Teemo,Warwick,Ivern","Amumu,Dr. Mundo,Garen,Karthus,Wukong,Ryze,Shyvana","Irelia,Jarvan IV,Kayle,LeeSin,Riven"
112,kalista,"Ashe,Jinx,Kog'Maw,Miss Fortune,Twitch,Neeko",Yasuo,"Ezreal,Kalista,Lucian,Vayne"
113,xerath,"Blitzcrank,Fizz,Nautilus,Nocturne,Pantheon,Soraka,Talon,Kled,Pyke","Ryze,Syndra,TahmKench,Taric,Veigar,Neeko","Ahri,LeBlanc,Morgana,Thresh,Yasuo,Zed"
114,mordekaiser,"Gangplank,Kayle,Rumble,Singed,Talon,Neeko,Sylas","Akali,Pantheon,Sion,Tryndamere,Yasuo,Camille","Irelia,Kayle,Riven,Urgot,Vladimir"
115,teemo,"Gragas,Jax,Karma,Karthus,Kayle,Nautilus,Pantheon,Shaco,Xin Zhao,Yasuo,Sylas","Fiora,Garen,Singed,Tryndamere,Vayne,Vel'Koz,Volibear,Illaoi,Kai'Sa","Darius,Irelia,Riven,Urgot"
116,kindred,"Gragas,Master Yi,Nidalee,Urgot,Ivern,Taliyah","Aatrox,Amumu,Gragas,Wukong,Poppy","Jarvan IV,LeeSin,Rek'Sai,Xin Zhao"
117,missfortune,"Jinx,Sivir,Thresh,Zyra,Jhin","Kalista,Lucian,Kai'Sa,Neeko","Ezreal,Lucian,Vayne,Kai'Sa"
118,talon,"Annie,Aurelion Sol,Diana,Karma,Malphite,Nocturne,Pantheon,Riven,Urgot,Sylas","Akali,Fiora,Galio,Kassadin,LeBlanc,Renekton,Ryze,Syndra,Vayne,Ziggs,Kled","Ahri,Kassadin,Yasuo,Zed"
119,cassiopeia,"Anivia,Annie,Fizz,Lux,Vel'Koz,Xerath,Zilean,Kled","Akali,Brand,Corki,Lissandra,Nocturne,Ryze,Ziggs","Ahri,LeBlanc,Syndra,Twisted Fate,Yasuo"
120,yorick,"Jax,Kayle,Lissandra,Riven,Tryndamere,Volibear,Kled","Darius,Jayce,Malzahar,Rumble,Ryze,Viktor","Irelia,Kayle,Urgot,Vladimir"
121,leesin,"Ekko,Elise,Rammus,Rek'Sai,Riven,Udyr,Vi,Volibear,Ivern","Aatrox,Gragas,Kha'Zix,Olaf,Sejuani,Qiyana","Elise,Graves,Jarvan IV,Master Yi,Xin Zhao"
122,fiddlesticks,"Bard,Jarvan IV,Jax,Olaf,Rek'Sai,Shaco,Taric,Udyr","Amumu,Riven,Shen,Skarner,TahmKench,Rakan,Kayn","Jarvan IV,LeeSin,Morgana,Soraka,Thresh"
123,fizz,"Karthus,Kassadin,Lissandra,Nocturne,Vladimir,Sylas","Aurelion Sol,Irelia,Ryze,Syndra,Veigar,Viktor,Zoe","Ahri,Kassadin,Lissandra,Yasuo,Zed"
124,seraphine,"Blitzcrank,Leona",,Blitzcrank
125,gnar,"Gangplank,Karma,Wukong,Quinn,Yasuo,Illaoi,Neeko","Fiora,Maokai,Poppy,Ryze,Singed,Sion","Darius,Irelia,Kayle,Riven,Urgot,Vladimir"
126,yasuo,"Annie,Aurelion Sol,Cho'Gath,Fiora,Hecarim,Kennen,Lissandra,Wukong,Nocturne,Rammus,Rengar,Riven,Swain,Yone","Cho'Gath,Diana,Dr. Mundo,Gnar,Heimerdinger,Irelia,Lux,Ryze,Zoe,Yone","Fizz,Kayle,LeBlanc,Lissandra,Riven,Zed,Sylas,Yone"
127,jax,"Gnar,Wukong,Pantheon,Poppy,Rammus,Riven,Shyvana,Udyr","Aatrox,Fiddlesticks,Fiora,Irelia,Mordekaiser,Ryze,Warwick,Yorick,Sylas","Irelia,Jarvan IV,Kayle,LeeSin,Master Yi,Riven,Xin Zhao"
128,annie,"Bard,Karthus,Kassadin,Lux,Nocturne,Sona,Soraka,Veigar,Vel'Koz,Pyke","Akali,Diana,Malphite,Ryze,Syndra,Yasuo,Ziggs,Rakan,Zoe","Ahri,Thresh,Yasuo,Zed"
129,twitch,"Ashe,Draven,Miss Fortune","Kalista,Lucian,Varus,Kai'Sa,Neeko","Ezreal,Vayne,Kai'Sa"
130,katarina,"Aurelion Sol,Ekko,Kassadin,Kennen,Malzahar,Riven,Vladimir,Neeko","Aatrox,Nocturne,Ryze,Swain,Syndra,Veigar","Ahri,Kassadin,Lissandra,Yasuo,Zed"
131,ivern,"Nidalee,Nunu,Rengar,Warwick,Sylas","Hecarim,Riven,Sejuani,Shyvana,Camille","Elise,Jarvan IV,LeeSin"
132,karthus,"Ekko,Hecarim,Katarina,Lux,Nunu,Poppy,Shen,Shyvana,Skarner,Swain,Vladimir,Kled,Camille","Aatrox,Gragas,Heimerdinger,Kennen,Olaf,Ryze,Syndra,Teemo,Neeko","Jarvan IV,Kayle,LeeSin,Vladimir,Yasuo,Zed"
133,vladimir,"Anivia,Annie,Garen,Kayle,Malzahar,Mordekaiser,Nasus,Riven,Yorick,Kled","Akali,Cho'Gath,Fiora,Garen,Irelia,Jayce,LeBlanc,Lissandra,Malphite,Poppy,Ryze,Yasuo","Ahri,Irelia,Kayle,Riven,Yasuo,Zed"
134,sona,"Leona,Shen,Soraka,Taric,Veigar,Zyra","Galio,Gragas,Karma,Shen,TahmKench,Rakan,Pyke","Blitzcrank,Morgana,Soraka,Thresh"
135,garen,"Kayle,Pantheon,Quinn,Teemo,Vayne,Yorick,Camille,Neeko","Cho'Gath,Dr. Mundo,Poppy,Rengar,Ryze,Shen,Singed","Darius,Irelia,Jax,Kayle,Riven,Urgot"
136,zoe,"Karma,Malzahar,Morgana,Nocturne,Zilean,Kled,Taliyah","Akali,Azir,Galio,Swain,Syndra","Ahri,LeBlanc,Lissandra,Yasuo,Zed"
137,brand,"Fizz,Katarina,Veigar,Vel'Koz,Viktor,Xerath,Zilean,Zyra","Azir,Galio,Gragas,Jayce,Ryze,Shen,TahmKench,Braum,Neeko","Ahri,Morgana,Soraka,Thresh,Yasuo,Zed"
138,evelynn,"Nunu,Poppy,Rammus,Rek'Sai,Vi","Aatrox,Gragas,Olaf,Riven","Elise,Jarvan IV,LeeSin,Xin Zhao"
139,pantheon,"Kayle,Malphite,Mordekaiser,Olaf,Poppy,Riven,Rumble,Shyvana,Sion,Ornn,Taliyah","Aatrox,Fiora,Galio,Gangplank,Garen,Gragas,Kha'Zix,LeBlanc,Master Yi,Poppy,Tryndamere,Vayne,Ziggs","Jarvan IV,Kayle,LeeSin,Riven,Teemo,Yasuo"
140,volibear,"Darius,Hecarim,Kayle,Olaf,Pantheon,Sion,Ornn,Kled,Illaoi","Dr. Mundo,Jayce,Nidalee,Poppy,Singed,Viktor,Yasuo,Neeko","Darius,Irelia,Kayle,Kha'Zix,LeeSin,Riven,Vladimir"
141,jhin,"Ashe,Jinx,Sivir,Twitch,Vayne","Ezreal,Kalista,Varus","Ezreal,Lucian,Vayne,Kai'Sa"
142,shen,"Gangplank,Heimerdinger,Kayle,Quinn,Rumble,Sona,Soraka,Taric,Vel'Koz,Volibear,Kled","Cho'Gath,Irelia,Jayce,Karthus,Mordekaiser,Poppy,Renekton,TahmKench,Ornn,Neeko","Darius,Irelia,Jax,Kayle,Riven,Thresh"
143,malphite,"Diana,Kayle,Lux,Maokai,Nasus,Rumble,Sion,Vel'Koz,Neeko,Sylas","Gnar,Irelia,Jayce,Wukong,Pantheon,Ryze,Talon,Tryndamere","Irelia,Jayce,Kayle,Riven,Yasuo,Zed"
144,zilean,"Janna,Soraka,Twisted Fate,Yasuo,Zyra,Taliyah","Akali,Galio,Jayce,Ryze,Syndra,Veigar,Braum,Neeko","Morgana,Thresh,Zed"
145,lillia,"Evelynn,Jax,Kha'Zix,Kindred","Amumu,Gragas,Sejuani,Trundle",
146,senna,"Alistar,Blitzcrank,Lissandra,Morgana,Nautilus,Zyra","Xerath,Braum",
147,gangplank,"Karthus,Kayle,Olaf,Pantheon,Quinn,Vayne","Gnar,Karma,Malzahar,Mordekaiser,Poppy,Ryze,Singed,Ornn","Irelia,Kayle,Riven,Urgot"
148,taliyah,"Aurelion Sol,Fizz,Hecarim,Katarina,Nunu,Poppy,Vel'Koz,Zed","Amumu,Galio,Wukong,Nocturne,Ryze,Viktor,Warwick,Neeko","Ahri,Elise,Jarvan IV,LeeSin,Lissandra,Twisted Fate"
149,jinx,"Twitch,Neeko","Kalista,Tristana,Varus,Xayah","Ezreal,Lucian,Vayne,Kai'Sa"
150,ziggs,"Annie,Katarina,Pantheon,Vel'Koz,Taliyah,Neeko","Azir,Orianna,Swain,Syndra,Veigar","Ahri,LeBlanc,Lissandra,Yasuo,Zed"
151,fiora,"Hecarim,Kayle,Kennen,Wukong,Pantheon,Vayne,Viktor","Aatrox,Cho'Gath,Dr. Mundo,Irelia,Karthus,Mordekaiser,Yasuo,Ornn","Irelia,Kayle,Riven,Urgot"
152,nocturne,"Corki,Nunu,Rammus,Riven,Shaco,Shyvana,Syndra,Vel'Koz,Vi,Taliyah","Aatrox,Gragas,Jayce,LeBlanc,Rengar,Xerath,Zoe","Jarvan IV,LeeSin,Xin Zhao,Yasuo,Zed"
